"temp","humid","wind","rain","pm_grade","season","press"
1.5,35.4,2,0,"Moderate",1,1010.4
-4.7,48.6,2,0,"Moderate",1,1020.6
-2.6,44.8,1.9,0,"Moderate",1,1017.7
1.5,52.8,2.9,1,"Good",1,1013.8
-7.4,25.9,3.4,0,"Good",1,1014.6
2.7,54.6,2.7,0,"Moderate",1,1016.5
4.1,58,2.3,0,"Very_bad",1,1018.8
1.4,56.4,3.6,1,"Moderate",1,1010.4
11.3,68.3,2.3,0,"Bad",1,1010
9.6,63.6,3,0,"Bad",1,1016.9
15.5,30,2.7,0,"Moderate",1,1006.4
17.2,54.9,2.2,0,"Bad",1,1006.5
19,32.5,2.2,0,"Bad",1,1012.7
13.1,45.9,3.4,0,"Moderate",1,1007.5
20,55.1,2.3,0,"Moderate",1,1002.4
22.8,49.5,4.2,0,"Bad",1,989.9
18.7,95.3,3.5,1,"Good",0,996.2
20.5,87.1,1.9,1,"Good",0,996.4
23.7,74.4,1.8,1,"Good",0,997
24.1,70.3,2.1,0,"Moderate",0,995.1
25.7,65.8,2.1,0,"Moderate",0,996.5
26.8,69.4,2.4,0,"Bad",0,999.9
22.6,86.1,6.4,1,"Moderate",0,996.9
26.6,87.5,3.2,0,"Moderate",0,994.2
26.1,73.9,1.8,0,"Moderate",0,1000.1
25.9,71.8,3,0,"Moderate",0,997.4
25.2,66.9,1.8,0,"Moderate",0,1002.1
23.1,60.9,2.3,0,"Good",0,1004.9
20.2,61.6,1.4,0,"Moderate",0,1007.1
16.1,74.3,2.9,0,"Good",0,1002.3
17.4,51.9,4.7,0,"Good",0,1003.1
14.4,97.8,2.6,1,"Moderate",0,1006.6
10.7,35.3,3,0,"Good",0,1013.2
9.3,40.9,3.1,0,"Good",0,1008.6
9.4,49.9,1.7,0,"Moderate",0,1012.2
5,53.4,2.2,0,"Moderate",0,1017.6
10.2,56,4.2,0,"Moderate",0,1007.5
-5.4,42.3,4.6,0,"Good",1,1011.5
1.6,58.8,1.9,1,"Moderate",1,1014.2
-1.7,66,3.8,1,"Moderate",1,1010.8
-6,45.9,3.2,0,"Good",1,1014.6
-2.1,58.3,2,0,"Moderate",1,1014.4
-4.1,46,3.8,0,"Moderate",1,1017.8
3.7,62.9,1.8,0,"Moderate",1,1015.2
0.6,54.5,2.1,0,"Moderate",1,1018
-1.6,46.4,3.1,0,"Moderate",1,1009.2
5.2,55.3,2,0,"Moderate",1,1015.4
-2.1,43.4,5.3,0,"Moderate",1,1010.9
5.5,42,2.2,0,"Moderate",1,1012
4.6,24.3,4.2,0,"Good",1,1015.1
13.2,57.4,2.6,0,"Bad",1,1007.9
9.6,43,2.3,0,"Moderate",1,1014.2
14.5,74.8,3.7,1,"Good",1,997
17.3,37.6,3.3,0,"Moderate",1,1008.2
18.3,90.4,2.1,1,"Moderate",1,997.2
19.1,39.6,2.3,0,"Moderate",1,1006.7
18.6,40.4,2.2,0,"Moderate",1,1000.5
19.8,71,2.9,1,"Moderate",1,995.3
24.6,59.6,2.8,1,"Moderate",0,991.9
24.8,59.4,2.7,1,"Moderate",0,995.9
24.4,70,1.7,1,"Moderate",0,988.7
23.4,69.8,4,1,"Good",0,1001.6
24.7,51.3,5,0,"Good",0,997.4
26.2,86,2.3,1,"Moderate",0,998.2
27.9,71.5,3.8,0,"Moderate",0,998.6
26.9,66.4,2.4,0,"Moderate",0,995.8
25.2,78.3,2,1,"Moderate",0,994.7
24.4,65.8,1.7,0,"Moderate",0,999
22.4,42.9,2.9,0,"Good",0,1006.5
23.9,48.4,1.8,0,"Moderate",0,1005.3
16.3,77.5,3.6,1,"Good",0,993
12.8,70.9,2.2,1,"Good",0,999.7
18.8,69.5,1.6,0,"Bad",0,1007
10.8,60.5,1.6,0,"Moderate",0,1012.6
14.5,63.5,2.8,0,"Good",0,1019.1
8.5,80.9,3.3,1,"Good",0,1014.9
4.1,69.1,2,0,"Moderate",0,1013.7
5,57.4,2.3,0,"Bad",1,1019.1
3.1,67.9,2.4,0,"Bad",1,1017.7
-3.2,47.6,1.4,0,"Moderate",1,1022.4
-3.3,49.8,2,0,"Moderate",1,1012.6
1.7,64,2.4,0,"Bad",1,1006.4
1.9,43.6,2.3,0,"Moderate",1,1014.6
8.1,29.3,3.5,1,"Moderate",1,1013.7
1.3,37.1,2.9,0,"Moderate",1,1013.2
13.2,55.3,2.7,1,"Bad",1,1013.4
9.3,40.9,1.4,0,"Bad",1,1009.7
7.2,36.5,2.4,0,"Moderate",1,1013.8
13.5,27,2.1,0,"Moderate",1,1006.2
13.4,71.3,2.1,0,"Bad",1,1002.8
13.5,83.4,2.6,0,"Bad",1,999
21.1,64.5,2.2,1,"Moderate",1,1001.1
18.6,57,2.1,1,"Moderate",1,1009.4
24.7,35,1.9,0,"Bad",1,1006
21.6,63.6,2.5,0,"Bad",1,997.4
23.5,74.3,1.7,1,"Moderate",0,1000.1
24.3,75.1,2,1,"Bad",0,995.5
23.1,93.6,2.8,1,"Good",0,999.6
26.3,65.5,2.1,1,"Moderate",0,992.3
27.1,65.5,1.5,0,"Moderate",0,1001.1
28.4,69,2.6,0,"Moderate",0,997.6
30.7,59.6,1.6,0,"Moderate",0,999.6
30.2,67.9,2.4,0,"Moderate",0,996.2
29.1,59.1,1.8,0,"Moderate",0,996.9
25.6,71.3,1.5,0,"Good",0,1001
23.9,68.1,1.3,0,"Moderate",0,1006.4
21.4,57.9,1.6,0,"Moderate",0,1007
22.7,73.3,2.7,1,"Good",0,999.9
16.7,61.8,1.3,0,"Bad",0,1015
17.9,58.6,3,0,"Good",0,1009.7
14.6,61.8,2.5,1,"Moderate",0,1007.2
15,77.4,2.2,0,"Bad",0,1003.5
14.4,74.8,1.7,1,"Moderate",0,1010.9
-2.5,37.8,2.1,0,"Good",0,1017
4.1,47.6,3.6,0,"Moderate",1,1016.3
-1.6,47.6,1.9,0,"Moderate",1,1016.5
4.9,68.8,1.9,0,"Moderate",1,1018.4
-3.7,49,1.8,0,"Moderate",1,1019.1
3.9,55,1.7,0,"Moderate",1,1013.2
-2.2,43.1,3.1,0,"Moderate",1,1007.6
-5.2,78.1,1.6,1,"Moderate",1,1015.4
-4.8,61.4,3.3,1,"Moderate",1,1014.4
-4.8,45.4,2.8,0,"Moderate",1,1013.5
2.3,68,1.9,1,"Moderate",1,1004.8
3.7,37.4,1.8,0,"Moderate",1,1016.4
-0.1,50.6,3.1,0,"Moderate",1,1003.9
6.3,34.9,2.1,0,"Moderate",1,1012.3
9.1,34,2.2,0,"Bad",1,1009.8
11.4,45.6,2.1,0,"Bad",1,1012.1
16.5,25.8,2.8,0,"Moderate",1,1001.5
13.1,56.5,2,0,"Moderate",1,1000.9
20.1,50.8,1.9,0,"Bad",1,1005.9
15.7,58.3,3.7,0,"Good",1,999.2
19.2,45.6,3.4,0,"Good",1,994.9
21.7,36.9,2.6,0,"Good",0,1001.4
25.5,55.8,2.2,0,"Bad",0,999.3
23.1,76.9,2.2,1,"Moderate",0,997.3
27.4,66.9,1.5,0,"Moderate",0,1000
27.1,75.9,2.3,0,"Moderate",0,1000.2
29.9,66.1,2.2,0,"Bad",0,996.6
25.5,92.1,1.5,1,"Moderate",0,998
31.4,63,1.9,0,"Moderate",0,993.4
24.6,67.5,3.6,1,"Good",0,996.2
24.2,54.5,2,0,"Good",0,1003.8
22.4,73.3,1.4,0,"Moderate",0,997.9
22.4,48.8,1.7,0,"Good",0,1009.3
20.3,57.3,1.6,0,"Moderate",0,1004
20,64.9,1.5,0,"Moderate",0,1011.1
21.4,76.9,1.3,1,"Moderate",0,1008.2
16.5,58.8,2.4,1,"Good",0,1012.9
14.5,56.5,1.2,0,"Moderate",0,1011.3
11.4,64.5,1.5,0,"Moderate",0,1014.2
3.2,38.3,2.8,0,"Good",0,1011.3
0.9,49.3,2.1,1,"Good",0,1009.8
-2.2,49.4,1.6,0,"Good",1,1019.9
-9.4,41.9,2.1,0,"Moderate",1,1019.3
3.4,66.6,1.1,0,"Bad",1,1015.3
2.1,67,1.1,0,"Bad",1,1016.1
-3,48.4,1.7,0,"Bad",1,1010.3
0.6,64.1,1.2,0,"Bad",1,1017.9
0.2,56.5,1.5,1,"Moderate",1,1005.2
-5.3,62,1.3,1,"Moderate",1,1014.7
0.4,43.9,1.1,0,"Bad",1,1011.8
-3,25.6,2.9,0,"Good",1,1014.1
2.4,49.4,2.1,0,"Bad",1,1016.8
7.9,38.1,1.5,0,"Moderate",1,1003.7
4.6,65.8,2,0,"Moderate",1,1013.4
8.2,55.9,1.2,1,"Bad",1,1010.7
14,66.4,2.2,0,"Bad",1,1006.6
15.1,51,3.5,1,"Moderate",1,1000
18.4,46,1.3,0,"Bad",1,1009.3
16.2,43.1,1.9,0,"Moderate",1,1003.4
17.5,50.9,1.7,0,"Good",1,1003.9
23.2,56.4,1.1,0,"Bad",1,1000
18.3,47.4,2.2,0,"Moderate",1,999.5
20.9,58.9,1.9,0,"Moderate",1,1001.4
22.2,69.3,2,0,"Moderate",0,1001.7
21.6,74.9,1.1,1,"Moderate",0,997.7
25,45.1,1.8,0,"Moderate",0,998.3
27.3,69.6,1.7,0,"Good",0,988.1
26.6,82.4,1.5,1,"Moderate",0,1003.4
30.1,66.3,2.4,0,"Moderate",0,997.5
31.1,60.6,2.4,0,"Moderate",0,998.2
31,55.8,1.5,0,"Good",0,995.3
29.1,55.6,2,0,"Moderate",0,995.3
25.3,80.9,1.8,1,"Moderate",0,999.2
22,54.6,2.5,1,"Good",0,995.7
23.5,66.9,1.3,1,"Good",0,1005.6
20.8,62.3,1.8,1,"Good",0,1004.6
15.4,55.1,2.9,0,"Good",0,997.9
9.7,51,2.1,0,"Good",0,1012.5
12.7,59.5,1.1,0,"Good",0,1010
13.8,55.5,0.9,0,"Moderate",0,1010.1
12.2,70.5,0.9,0,"Bad",0,1014.7
8.8,51.6,1.1,0,"Moderate",0,1009.6
6.5,39.9,1.8,1,"Moderate",0,1014.4
5.5,42.3,1,0,"Moderate",1,1016.6
-1.9,39,2.2,0,"Moderate",1,1018.8
-2.3,35.9,1.6,0,"Good",1,1017
-1.1,55.5,1.2,0,"Bad",1,1019.5
1.4,68.6,0.9,0,"Very_bad",1,1014.8
1.7,62,1.7,0,"Moderate",1,1008.6
-0.2,35.5,1.5,0,"Moderate",1,1016.9
5.1,54.9,1.3,0,"Moderate",1,1005.6
0.9,43.5,1.3,0,"Moderate",1,1014.7
4.7,55.8,2.3,0,"Bad",1,1011.1
6.1,39.4,1.9,0,"Moderate",1,1014.3
5.5,72.8,1.6,1,"Moderate",1,1006.8
3.3,40.9,2.8,0,"Moderate",1,1009.4
4.4,46,3.2,0,"Moderate",1,1008.7
11.6,25.6,2.5,0,"Good",1,1004.7
14.8,77.8,1.9,1,"Moderate",1,1003.4
12.9,48.8,1.6,0,"Good",1,1010.2
15,33.4,2.3,0,"Moderate",1,1005.7
22.8,46.8,2.1,0,"Moderate",1,1001.8
20.3,48.4,2,0,"Moderate",1,999.7
21.2,75.9,1.2,1,"Bad",0,999.9
21.9,61.5,2.4,1,"Moderate",0,990.5
24.7,67.3,1.7,0,"Moderate",0,991.9
21.9,76.9,1.3,1,"Good",0,995.2
26.9,65,1.2,0,"Bad",0,998.7
26.3,90.1,1.2,1,"Moderate",0,994.6
28.4,74.6,1.2,0,"Good",0,1001.8
29.8,69,1.3,0,"Moderate",0,997.7
25.6,66.5,1.7,0,"Good",0,996.9
25,66.6,1.5,0,"Good",0,1002.8
24.1,67.6,2.3,0,"Good",0,1005.3
24.3,71.4,3.1,1,"Good",0,1004.6
20,51.1,2.2,0,"Good",0,1004.4
22.4,61,1.6,0,"Moderate",0,1006.8
14.7,58.8,2.6,0,"Good",0,1008.2
17,63.8,1.8,0,"Good",0,1010.4
12.9,65.9,2.5,1,"Moderate",0,1005.3
11,63.6,1.8,0,"Moderate",0,1006.6
0.2,48,2.8,0,"Good",0,1015.5
4.1,42.6,1.7,0,"Moderate",0,1018
-0.7,45.4,1.8,0,"Good",1,1018
3.4,80.4,2,1,"Bad",1,1011.5
2.7,70.3,2.9,1,"Moderate",1,1013
-0.1,60.9,1.9,0,"Bad",1,1009.4
3,36,1.7,0,"Moderate",1,1014.6
6,46.4,2.1,0,"Good",1,1005.3
-8.3,37.3,3.3,0,"Good",1,1021
7.4,73.4,2.2,1,"Moderate",1,1006.4
6.7,73.5,4.2,1,"Good",1,1007.4
4.8,57,2.6,0,"Moderate",1,1013.3
6.8,49.8,2.5,0,"Good",1,1010.9
11.4,35,1.8,0,"Moderate",1,1009.8
11.3,35.6,3.7,0,"Moderate",1,1004.5
8.9,44.6,2.8,0,"Moderate",1,1011.5
16,39.9,2.3,0,"Moderate",1,1006.1
14.9,48.6,2.6,0,"Moderate",1,1009
19.9,32.8,2.4,1,"Good",1,1004.4
16.1,81.4,3,1,"Good",1,998.8
18.5,68.5,1.9,0,"Moderate",1,1002.7
19.7,64.3,3.4,1,"Good",0,999.7
26.7,51.6,2.3,0,"Moderate",0,1004.3
24.7,61.4,2.1,1,"Good",0,996.4
23.8,77,2.4,1,"Moderate",0,991.8
25.8,62.6,2.6,0,"Good",0,997.5
25,77,1.6,0,"Moderate",0,1001.8
24.4,84.8,2,1,"Good",0,1000.5
27,89.3,3.5,1,"Moderate",0,1000.9
24.6,92.5,2.2,1,"Good",0,999.6
27.5,76.3,1.6,0,"Moderate",0,1003.2
29.9,69.5,2.1,0,"Moderate",0,995
26.6,72.4,1.9,0,"Good",0,999.4
23.4,71.5,4.2,0,"Good",0,998.7
21.3,70.3,2.1,0,"Good",0,1000.2
20.1,64.1,2.5,0,"Good",0,1003.7
19.9,72.5,1.6,0,"Moderate",0,1004.9
13.6,52.3,2.2,0,"Good",0,1010.7
15.2,67.1,1.6,0,"Bad",0,1015.4
13.7,84.3,2.3,1,"Moderate",0,1009.2
5.5,40.9,1.8,0,"Good",0,1015.2
13.6,90.5,4.2,1,"Good",0,998
4.1,61.6,2.7,0,"Moderate",0,1015.4
2.1,63.1,1.7,0,"Moderate",1,1019.1
-4.9,47,1.7,0,"Moderate",1,1019.6
-0.8,51.9,2.1,0,"Good",1,1012.8
-4.2,64,2,0,"Moderate",1,1014.9
-3.9,79.5,1.8,1,"Bad",1,1006.9
-6.3,37.9,1.8,0,"Good",1,1021.2
-8.8,40,3.5,0,"Good",1,1015.6
1.4,71.8,2.4,0,"Moderate",1,1010.2
-5.1,57.9,3.2,1,"Good",1,1006.2
2.9,33,1.8,0,"Moderate",1,1014.7
7.2,62.4,1.9,0,"Moderate",1,1013.5
10.2,50.8,1.8,0,"Very_bad",1,1015.4
5.8,65.9,4,1,"Moderate",1,1004.5
14.5,41,1.8,0,"Moderate",1,1004.1
12.6,50,2.6,0,"Moderate",1,1019.8
9.9,64.3,3.2,0,"Good",1,1005.9
16.2,51.8,2.6,0,"Good",1,1010.6
14.1,56.4,2.1,0,"Moderate",1,1007.6
18.5,48.9,2.7,0,"Good",1,1003.1
19.4,61,2.7,0,"Moderate",1,997.9
19.1,80.8,1.8,1,"Moderate",0,994.3
24.2,74.6,1.8,0,"Good",0,1001.7
23,71.1,1.9,0,"Moderate",0,1001.2
26.3,70.9,1.8,0,"Moderate",0,996.8
25.5,77.3,1.9,0,"Good",0,995.5
26.4,80.1,1.9,1,"Good",0,1003.4
29.8,69.9,2.5,1,"Good",0,990.6
28,65,2.1,0,"Good",0,993.5
24.3,69.6,2.8,1,"Good",0,1000.4
25,85.5,1.8,1,"Good",0,996.4
24.3,60.3,2.4,0,"Good",0,999.8
23.6,57.5,3.6,0,"Good",0,1006.2
20.2,79,2.7,1,"Good",0,998.5
20.2,93.5,1.7,1,"Good",0,997.9
15.2,78.6,2.2,1,"Good",0,1011.4
9.6,60.4,2,1,"Good",0,1012.9
13.4,63.4,2.2,0,"Moderate",0,1009.2
12.1,71.1,1.5,0,"Moderate",0,1009.2
5.3,60.6,2.9,0,"Good",0,1001
11.9,70.8,2.4,0,"Moderate",0,1007.5
2.9,57.5,2.2,0,"Good",0,1016.4
2.9,50.4,1.4,0,"Moderate",1,1018.6
-5.6,50.5,4.6,0,"Moderate",1,1013.5
-0.3,65.3,2.6,1,"Moderate",1,1012.5
-4.3,46.3,1.5,0,"Good",1,1019.8
-4.8,41.8,1.7,0,"Moderate",1,1014.8
0.3,52.4,1.7,0,"Bad",1,1015.4
-3.6,48.9,2.4,0,"Moderate",1,1011.5
-6.6,48.8,3.1,0,"Good",1,1015.4
2.5,68.3,2.9,1,"Moderate",1,1009.5
3.7,56.6,2.8,0,"Moderate",1,1010.9
1.4,39.5,2.6,0,"Good",1,1011
10.3,62.6,2.1,0,"Bad",1,1006.2
6.2,56.8,2.3,0,"Moderate",1,1007.5
10.8,76.5,1.8,1,"Moderate",1,1010.3
11.7,52.3,2.5,0,"Moderate",1,1010.5
14,53.8,2.3,0,"Moderate",1,1007.7
18.2,44,2.6,0,"Moderate",1,1005.6
18.9,48.1,2.2,0,"Moderate",1,1008.3
15.7,45.5,3.3,0,"Good",1,1001.8
20.1,70.8,2.5,0,"Moderate",1,999.1
23.1,66.4,2.3,0,"Moderate",1,995
22.7,59.8,2.3,0,"Moderate",0,992.9
24.6,58.9,2.5,0,"Good",0,1001.9
23.4,81.6,1.4,0,"Good",0,997.6
26.6,83.3,2.1,0,"Good",0,1004.4
25.8,84.4,2.9,1,"Moderate",0,993
26,76.5,2.3,0,"Good",0,989.9
29.3,66.3,2,0,"Moderate",0,999.6
27.1,90.1,2.8,1,"Moderate",0,1000.1
28.1,83,4.8,1,"Good",0,990.6
26.8,75.6,2.3,1,"Good",0,994.3
21,74,2.3,1,"Good",0,1005.5
24.3,59.1,2,0,"Good",0,1007.2
25.6,83.1,1.4,1,"Good",0,998.1
20.4,71,1.8,0,"Moderate",0,1003.5
11.1,69.1,2.2,0,"Good",0,1011.3
9.4,52.1,2.3,0,"Good",0,1012.4
12.9,58.3,1.9,0,"Good",0,1017
11.1,57.1,1.7,0,"Good",0,1010.5
11.4,76,1.5,0,"Bad",0,1014.8
11,69.6,1.6,0,"Moderate",0,1015.6
12.3,67.1,3,1,"Bad",0,1006.6
-2.5,42,1.7,0,"Good",1,1019
2,73.4,1.7,1,"Moderate",1,1009.1
-0.1,82.4,2.7,1,"Moderate",1,1001.2
-4.5,45.9,2.5,0,"Good",1,1021
6.6,92.9,2.5,1,"Good",1,1003.2
-0.6,62.8,2.6,0,"Good",1,1015.4
0.9,68.4,3.2,0,"Bad",1,1009
4,49.9,2.5,0,"Moderate",1,1015.9
5.7,58.3,1.5,0,"Bad",1,1009
4.3,63.4,2,0,"Moderate",1,1016.3
15.2,52,2.4,0,"Bad",1,1010.8
12.5,36.8,2.3,0,"Moderate",1,1004.4
17.6,40.4,2.6,1,"Moderate",1,1007.7
13.5,81.8,2.2,1,"Moderate",1,994.3
10.2,69.9,3.1,0,"Good",1,1003.2
18.4,95.3,2.5,1,"Good",1,992
17.8,62,2,0,"Moderate",1,1002.5
20.3,61.3,1.9,0,"Moderate",1,997.7
23.2,83.4,1.6,1,"Good",1,999.9
21.5,66.9,2.6,0,"Good",0,1000.3
22,70,2.2,0,"Good",0,994.1
20.5,92.6,2.1,1,"Good",0,991.2
26.5,77.4,2.5,0,"Moderate",0,997.2
24.7,86.4,2,1,"Good",0,992.5
25.2,87.9,1.4,1,"Good",0,1000.5
28.7,76.3,1.7,1,"Moderate",0,1002.4
23.5,93.1,2.3,1,"Good",0,988.9
29.1,68.9,1.9,0,"Moderate",0,999.5
23.9,89.6,2.1,1,"Good",0,995.2
25.5,67.3,1.9,0,"Moderate",0,999.2
20.1,70.9,2.3,0,"Good",0,1001.5
21.1,61.5,1.4,0,"Moderate",0,1003.7
17.5,62.4,1.5,0,"Moderate",0,1013.5
11.6,46.9,3.2,0,"Good",0,1006.6
14.2,62.9,1.4,0,"Moderate",0,1007.8
13.3,84.9,4.9,1,"Good",0,995.9
1.6,59.3,2.9,0,"Good",0,1003.1
-4.3,48.5,2.8,0,"Good",0,1017.6
6.6,64,2.6,0,"Moderate",1,1003.8
-4.1,68.9,5.2,1,"Good",1,1011.2
-0.7,80.8,1.5,1,"Moderate",1,1017.4
-4.4,57.4,3.1,0,"Good",1,1015.4
-0.6,74.5,2.1,1,"Moderate",1,1011
1.7,75.8,2.5,1,"Good",1,1014.5
3.1,65.5,2.1,0,"Moderate",1,1016.1
1.7,69.4,1.9,0,"Bad",1,1012
4.4,73.5,1.7,0,"Moderate",1,1010.8
2,68.6,2.9,1,"Good",1,1017.7
-0.5,60.4,3.2,0,"Good",1,1008.8
4.2,54,2.1,0,"Moderate",1,1017
7.1,28.6,2.4,0,"Good",1,1011.2
7.6,73,2.8,1,"Bad",1,996.9
14,51.3,2.5,0,"Moderate",1,1008.6
19.1,52.4,1.9,0,"Moderate",1,1007.3
14.9,77.3,3,1,"Moderate",1,1000.1
20.7,53.5,1.6,0,"Moderate",1,1002.5
13.3,77.3,3,1,"Moderate",1,1001.6
18.3,63.6,2.2,0,"Good",1,1003.7
20.4,54.8,2.5,0,"Moderate",1,996.7
23.6,53.9,1.9,0,"Moderate",0,1007.4
24.8,60.8,2.1,0,"Bad",0,995.6
29.4,45.1,2,0,"Moderate",0,994.1
23.5,88.5,3.7,1,"Moderate",0,987.6
24.4,85.1,1.8,1,"Moderate",0,994.3
28.4,65.9,2.4,1,"Bad",0,999.2
28.7,81.9,2.3,1,"Good",0,999.8
30.2,75,2.2,0,"Moderate",0,997.3
29.2,74.6,1.8,1,"Good",0,997.5
28.5,76.6,1.4,0,"Moderate",0,998.8
27,54.5,2.9,0,"Good",0,1001.6
29.4,67.3,1.8,0,"Bad",0,1003.1
29.4,76.8,1.6,1,"Moderate",0,1003.3
23.2,59.3,3.4,0,"Moderate",0,1007.9
17.5,60.4,1.6,0,"Good",0,1012.5
18.3,60.6,1.5,0,"Good",0,1012.3
12.7,75.3,3.7,1,"Moderate",0,1005.6
15.7,71.3,1.6,0,"Moderate",0,1011.9
10.2,50.8,1.5,0,"Good",0,1017.3
17,65.1,1.8,0,"Good",0,1008
5.8,86.4,3.4,1,"Good",0,1000.9
0.2,56.9,2.5,0,"Good",1,1012.9
1.4,60.9,2,1,"Moderate",1,1011
-2.6,51.4,2.7,0,"Good",1,1014.8
-0.1,49.6,1.7,0,"Moderate",1,1015.3
-5.1,57.4,1.7,0,"Moderate",1,1017.7
3.1,45.9,1.5,0,"Good",1,1015.4
-5.6,59.9,1.7,1,"Good",1,1009.5
-3,44.8,3,0,"Moderate",1,1017.3
3.7,49.4,2.6,0,"Moderate",1,1012.9
5.8,55,2.2,0,"Moderate",1,1015
4.9,56.3,3.6,1,"Good",1,1002.8
3.3,40.8,3.6,0,"Good",1,1011.3
8,86.1,1.9,1,"Good",1,1001.1
5.5,71.1,4.2,1,"Good",1,988.8
16.7,70,1.7,0,"Moderate",1,1001.8
18.4,36.3,2.6,0,"Moderate",1,1002
